Study,Title,Publication Year,Qiime2seq_completed?,"Verified (Age, Country, Continent, Disease, Disease Group, Age range)",Link to paper,Country,Continent,Accession #,Notes,Forward Primer,Reverse Primer,Primer region,Age (Adult or Children),"Age2(preschool (0-6), postschool (6-12), adult)",Age range/notes,Sex,Metadata present?,Disease (Healthy or Name of Disease one word),Disease Group,Initials,City (if possible),Notes,GDP per capita in US dollars (2023),GDP change from previous years,HDI 21/22,HDI 2019,HDI Categorization
LivanstovaLeonovRussia2024,Diet and the Gut Microbiome as Determinants Modulating Metabolic Outcomes in Young Obese Adults,,Error - No paired end reads found,,https://www.mdpi.com/2227-9059/12/7/1601,Russia,Europe - East,PRJNA1131598,,515F,806R,V4,Adult,Adult,Older,Both,,Obestiy/Diabetes,Metabolic,SS,Moscow,,,,,,
MarkelovaSeninaRussia2023,Association between Taxonomic Composition of Gut Microbiota and Host Single Nucleotide Polymorphisms in Crohn’s Disease Patients from Russia,,Done,Changed forward primer: 341F -> not listed; reverse primer : 806R -> not listed,https://www.mdpi.com/1422-0067/24/9/7998,Russia,Europe - East,PRJNA938107,forward primer: 5′-TCGTCGGCAGCGTCAGATGTGTATAAGAGACAGTCGTCGGCAGCGTCAGATGTGTATAAGAGACAGCCTACGGGNGGCWGCAG-3′;reverse primer: 5′-GTCTCGTGGGCTCGGAGATGTGTATAAGAGACAGGTCTCGTGGGCTCGGAGATGTGTATAAGAGACAGGACTACHVGGGTATCTAATCC-3′).,not listed,not listed,V3-V4,Adult,Adult,Adults 32.3 ± 11.8 ,Both,,Crohn’s Disease,IBD,JQ,,,,,,,
CarrizalesSanchezTamezRiveraMexico2023,Characterization of gut microbiota associated with metabolic syndrome and type-2 diabetes mellitus in Mexican pediatric subjects,,Done,Yes,https://link.springer.com/article/10.1186/s12887-023-03983-6,Mexico,North America,PRJNA819279,,341F,806R,V3-V4,Chilren,Preschool and postschool,School aged,Both,,Obesity/Diabetes,Metabolic,JC,,,,,,,
VuVietnam2023,The Impact of Environment and Antibiotics on Human Gut Microbiota in a VietnameseCommunity,,Error - paired end read not found,Error - paired end read not found,https://repository.ubn.ru.nl/bitstream/handle/2066/292280/292280.pdf?sequence=1#page=1,Vietnam,Asia,PRJEB47011,,515F,806R,V3-V4,Adult/Children,Adult,Older Adults,Both,,Healthy,Healthy,EA,,,,,,,
AbhisekShiaoSingapore2024,Gestational diabetes-related gut microbiome dysbiosis is not influenced by different Asian ethnicities and dietary interventions: a pilot study,,Done,Changed sex,https://www.nature.com/articles/s41598-024-60386-y,Singapore,Asia,PRJNA945212,,341F,806R,V3-V4,Adult/Children,Adult,Older Adults,Female,,Gestational Diabetes Mellitus (GDM),Metabolic,EA,,,,,,,
FiuzaMachadodeAndradeBrazil2024,Gut microbiome signature and nasal lavage inflammatory markers in young people with asthma,,Done,Yes,https://www.sciencedirect.com/science/article/pii/S2772829324000389,Brazil,South America,PRJNA950484,People with and without asthma,515F,806R,V4,Adult/Children,Adult,14.55-21.06,Both,,Asthma and Healthy,"Respiratory, Healthy",JC,,,,,,,
SomnukKomindrThailand2023,"Metabolic and inflammatory profiles, gut microbiota and lifestyle factors in overweight and normal weight young thai adults",,Done,Yes,https://journals.plos.org/plosone/article?id=10.1371/journal.pone.0288286,Thailand,Asia - Southeast,PRJNA877411,overweight and normal weight,515F,806R,V4,Adult,Adult,33 ± 9.48 and 27 ±7.50,Both,,Overweight and Healthy,Metabolic,SG,,,,,,,
KannEberhardtColombia2023,The Gut Microbiome of an Indigenous Agropastoralist Population in a Remote Area of Colombia with High Rates of Gastrointestinal Ingections and Dysbiosis,,Done,Changed primer region and primers,https://www.mdpi.com/2076-2607/11/3/625,Colombia,South America,PRJEB43871,,341F,806R,V4,Adult/Children,Adult,24.5 ± 18.2,Both,,Gastrointestinal Infections and Dysbiosis,"Infectious, Metabolic",JC,,,,,,,
MessaritakisKoulourisGreece2024,Exploring Gut Microbiome Composition and Circulating Microbial DNA Fragments in Patients with Stage II/III Colorectal Cancer: A Comprehensive Analysis,,Done,Yes,https://www.mdpi.com/2072-6694/16/10/1923,Greece,Europe - West,PRJEB47555,,341F,806R,V3-V4,Adult,Adult,42–86,Both,https://docs.google.com/spreadsheets/d/1hOXP74B8fmBWMXah2NbMF9Zf1qSdyX77omj6KQuG4ng/edit?gid=1155739804#gid=1155739804 ,Colorectal Cancer,Neoplastic,AK,,,,,,,
HanJiChina2023,The host genetics affects gut microbiome diversity in Chinese depressed patients,,Error - No paired end reads found,Error - No paired end reads found,https://www.frontiersin.org/journals/genetics/articles/10.3389/fgene.2022.976814/full#h6,China,Asia - East,PRJNA647236,,341F,806R,V3-V4,Adult,Adult,18-45,Both,,Depression,Mood Disorder,JQ,Chengdu,,,,,,
LiGuoChina2024,Alteration of the gut microbiota profile in children with autism spectrum disorder in China,,Error - is not a(n) SingleEndFastqManifestPhred33V2 file,Error - is not a(n) SingleEndFastqManifestPhred33V2 file,Alteration of the gut microbiota profile in children with autism spectrum disorder in China,China,Asia - East,HRA004410,forward primer is different,338F,806R,V3-V4,Children,Preschool and Postschool,2-12,Both,,Autism,Developmental Disorder,JQ,,,,,,,
AlahdalAlmuneefSaudiArabia2024,Gut microbiota composition in patients with Crohn’s disease in Saudi Arabia,,Done,Yes,https://journals.plos.org/plosone/article?id=10.1371/journal.pone.0299749,Saudi Arabia,Asia - Middle East,PRJNA1053658,"inactive, active crohn's & healthy",341F,805R,V3-V4,Both,Preschool and Postschool and Adult,"<14 - >40, mode 17-40",Both,https://docs.google.com/spreadsheets/d/1BIStEyVmBABYDNGAhpvyr0YwL9Ji6jldX1fVPBDzy-w/edit?usp=sharing,Crohn's Disease,IBD,JL,Riyadh,,,,,,
NorasyikeenNguiMalaysia2024,Study on intestinal parasitic infections and gut microbiota in cancer patients at a tertiary teaching hospital in Malaysia,,Error - private study,Yes,https://www.nature.com/articles/s41598-024-59969-6,Malaysia,Asia - Southeast,HRA006733,Included healthy control group,341F,806R,V3-V4,Both,Preschool and Postschool and Adult,"1-96 years, median 25",Both,,"Cancer, Intestinal parasitic infections","Metabolic, Infectious",SG,,,,,,,
TalukdarBandopadhyayIndia2023,"Association of gut microbial dysbiosis with disease severity, response to therapy and disease outcomes in Indian patients with COVID-19",,Done,Yes,https://link.springer.com/article/10.1186/s13099-023-00546-z,India,Asia - South,PRJNA895415,Mild & severe COVID,341F,805R,V3-V4,Adult,Adult,20-85 years approx,Both,https://docs.google.com/spreadsheets/d/17OR49dYpfhP5931PEu3lYZzT_xs2GuKNQtzZMoq52A8/edit?usp=sharing,COVID-19,Infectious,SG,,,,,,,
HamBowerMali2024,The gut microbiome is associated with susceptibility to febrile malaria in Malian children,,Done,Yes,https://www.nature.com/articles/s41467-024-52953-8,Mali,Africa,PRJNA417939,,515F,806R,V4,Children,Postschool,6-10,Both,,Malaria,Infectious,JP,Kalifabougou,,,,,,
ThiTuyetNhungThiThuLeVietnam2024,Identifying fecal microbiota signatures of colorectal cancer in a Vietnamese cohort,,Done,Changed: Primer sequence given but regions not found-> added in notes,https://www.frontiersin.org/journals/microbiology/articles/10.3389/fmicb.2024.1388740/full,Vietnam,Asia - Southeast,PRJNA1077687,(5′- CCTACGGRRBGCASCAGKVRVGAAT-3′ and 5′- GGACTACNVGGGTWTCTAATCC-3′) for the 16S rRNA gene V3–V4 hypervariable region,not listed,not listed,V3-V4,Adult,Adult,50-79,Both,,Colorectal Cancer,Gastrointestinal,JP,,(5′- CCTACGGRRBGCASCAGKVRVGAAT-3′ and 5′- GGACTACNVGGGTWTCTAATCC-3′) for the 16S rRNA gene V3–V4 hypervariable region,,,,,
ColoradoLazzaro2024,Differential effects of antiretroviral treatment on immunity and gut microbiome composition in people living with HIV in rural versus urban Zimbabwe,,Error,Error,https://link.springer.com/article/10.1186/s40168-023-01718-4,Zimbabwe,Africa,PRJEB66206,,515F,806R,V4,Adult,Adult,18-67,Both,SRA Explorer,HIV,infectious,EG,,,,,,,
AhmadKaravetianEmirates2023,Association of the gut microbiota with clinical variables in obese and lean Emirati subjects,,Done,Yes,https://www.frontiersin.org/journals/microbiology/articles/10.3389/fmicb.2023.1182460/full,United Arab Emirates,Asia - Middle East,PRJNA962831,,not listed,not listed,V3-V4,Adult,Adult,18-60,Both ,SRA Explorer,Obesity,Metabolic,AK,"Dubai, Sharjah",,,,,,
NgueleCarraraTanzania2024,"Association between Food or Nutrients and Gut Microbiota in Healthy and Helminth-Infected Women of Reproductive Age from Zanzibar, Tanzania",,,Changed forward primer: not listed -> 341F; reverse primer: not listed -> 805R; primer region: not listed-> v3-v4 and sex,https://www.mdpi.com/2072-6643/16/9/1266,Tanzania,Africa,PRJNA1088637,Duplicate,341F,805R,not listed,Adult ,Adult ,,Female,,Healthy,Healthy,JQ,"Zanzibar, Tanzania",,,,,,
NgueleMozzicafreddoTanzania2024,"Interplay Between Helminth Infections, Malnutrition, and Gut Microbiota in Children and Mothers from Pemba, Tanzania: Potential of Microbiota-Directed Interventions",,,Changed Primer region: not listed,https://www.mdpi.com/2072-6643/16/23/4023,Tanzania,Africa,PRJNA1088637,Duplicate,341F,805R,not listed,Adult/Children,Adult/Children,,Both ,,Helminths Infection,Parasitic Worm Infections,JQ,"Pemba, Tanzania",,,,,,